taxa,value
L_crispatus,0.07161130738424264
L_gasseri,0.01218146401917682
L_iners,0.08320465938860176
L_jensenii,0.024584526704711895
G_vaginalis,0.06773851438922072
F_vaginae,0.09671246708328454
BVAB-1,0.0007367925018429469
beneficial_distribution,"68.75,3.125,15.625,9.375,3.125"
harmful_distribution,"78.125,6.25,0.0,3.125,12.5"
